{
    "install": "messages/install.txt",
    "1.2.7": "messages/1.2.7.txt",
    "1.2.8": "messages/1.2.8.txt",
    "1.2.9": "messages/1.2.9.txt",
    "1.3.0": "messages/1.3.0.txt",
    "1.3.1": "messages/1.3.1.txt",
    "1.3.2": "messages/1.3.2.txt",
    "1.3.3": "messages/1.3.3.txt",
    "1.3.4": "messages/1.3.4.txt",
    "1.3.5": "messages/1.3.5.txt",
    "1.3.6-1": "messages/1.3.6-1.txt",
    "1.3.6": "messages/1.3.6.txt",
    "1.3.7": "messages/1.3.7.txt",
    "1.4.0": "messages/1.4.0.txt",
    "1.4.1": "messages/1.4.1.txt",
    "1.4.2": "messages/1.4.2.txt",
    "1.4.3": "messages/1.4.3.txt",
    "1.4.4": "messages/1.4.4.txt",
    "1.4.5": "messages/1.4.5.txt",
    "1.4.6": "messages/1.4.6.txt",
    "1.4.7": "messages/1.4.7.txt",
    "1.4.8": "messages/1.4.8.txt",
    "1.4.9": "messages/1.4.9.txt",
    "1.4.10": "messages/1.4.10.txt",
    "1.4.11": "messages/1.4.11.txt",
    "1.4.12": "messages/1.4.12.txt",
    "1.4.13": "messages/1.4.13.txt",
    "1.4.14": "messages/1.4.14.txt",
    "1.4.15": "messages/1.4.15.txt",
    "1.4.16": "messages/1.4.16.txt",
    "1.4.17": "messages/1.4.17.txt",
    "1.4.18": "messages/1.4.18.txt",
    "1.4.19": "messages/1.4.19.txt",
    "1.4.20": "messages/1.4.20.txt",
    "1.4.21": "messages/1.4.21.txt",
    "1.4.22": "messages/1.4.22.txt",
    "1.4.23": "messages/1.4.23.txt",
    "1.4.24": "messages/1.4.24.txt",
    "1.4.25": "messages/1.4.25.txt",
    "1.4.26": "messages/1.4.26.txt",
    "1.4.27": "messages/1.4.27.txt",
    "1.4.28": "messages/1.4.28.txt",
    "2.0.0": "messages/2.0.0.txt",
    "2.0.1": "messages/2.0.1.txt",
    "2.0.2": "messages/2.0.2.txt",
    "2.0.3": "messages/2.0.3.txt",
    "2.0.4": "messages/2.0.4.txt",
    "2.0.5": "messages/2.0.5.txt",
    "2.0.6": "messages/2.0.6.txt",
    "2.0.7": "messages/2.0.7.txt",
    "2.0.8": "messages/2.0.8.txt",
    "2.1.0": "messages/2.1.0.txt",
    "2.1.1": "messages/2.1.1.txt",
    "2.1.2": "messages/2.1.2.txt",
    "2.1.3": "messages/2.1.3.txt",
    "2.1.4": "messages/2.1.4.txt",
    "2.1.5": "messages/2.1.5.txt",
    "2.1.6": "messages/2.1.6.txt",
    "2.1.7": "messages/2.1.7.txt",
    "2.1.8": "messages/2.1.8.txt",
    "2.1.9": "messages/2.1.9.txt",
    "2.1.10": "messages/2.1.10.txt",
    "2.1.11": "messages/2.1.11.txt",
    "2.1.12": "messages/2.1.12.txt",
    "2.1.13": "messages/2.1.13.txt",
    "2.1.14": "messages/2.1.14.txt",
    "2.1.15": "messages/2.1.15.txt",
    "2.1.16": "messages/2.1.16.txt",
    "2.1.17": "messages/2.1.17.txt",
    "2.1.18": "messages/2.1.18.txt",
    "2.1.19": "messages/2.1.19.txt",
    "2.1.20": "messages/2.1.20.txt",
    "2.1.21": "messages/2.1.21.txt",
    "2.1.22": "messages/2.1.22.txt",
    "2.1.23": "messages/2.1.23.txt",
    "2.1.24": "messages/2.1.24.txt",
    "2.1.25": "messages/2.1.25.txt",
    "2.1.26": "messages/2.1.26.txt"
}
